val/corr,epoch,val/loss,val/rse,step,train/rse,train/corr,train/loss
0.5933613777160645,0,5.4126811027526855,1.5605030059814453,95,,,
,0,,,95,3.639983892440796,0.1392318457365036,190.9736328125
0.5416502356529236,1,13.229815483093262,2.534325361251831,191,,,
,1,,,191,2.433568000793457,0.5983006954193115,68.48064422607422
0.551296591758728,2,3.8235201835632324,1.3169646263122559,287,,,
,2,,,287,1.8387458324432373,0.6750220656394958,41.44544982910156
